{
  "results": [
    {
      "person_id": "P1032",
      "eye": "left",
      "ground_truth": {
        "dr": true,
        "amd": false,
        "rvo": false
      },
      "probabilities": {
        "dr": 6.449631152555893e-05,
        "amd": 0.00013162036840671997,
        "rvo": 9.940682980214441e-05
      },
      "raw_probs": {
        "dr": {
          "yes": 6.449501233873889e-05,
          "no": 0.999915361404419
        },
        "amd": {
          "yes": 0.000131613269331865,
          "no": 0.9998144507408142
        },
        "rvo": {
          "yes": 9.94038418866694e-05,
          "no": 0.9998705387115479
        }
      }
    },
    {
      "person_id": "P1032",
      "eye": "right",
      "ground_truth": {
        "dr": true,
        "amd": false,
        "rvo": false
      },
      "probabilities": {
        "dr": 7.59012147996516e-05,
        "amd": 0.00015963207553372778,
        "rvo": 0.0001037485030181239
      },
      "raw_probs": {
        "dr": {
          "yes": 7.59000176913105e-05,
          "no": 0.9999083280563354
        },
        "amd": {
          "yes": 0.00015962445468176156,
          "no": 0.9997926354408264
        },
        "rvo": {
          "yes": 0.00010374620615039021,
          "no": 0.9998741149902344
        }
      }
    },
    {
      "person_id": "P1002",
      "eye": "left",
      "ground_truth": {
        "dr": false,
        "amd": true,
        "rvo": false
      },
      "probabilities": {
        "dr": 4.4393242971981964e-05,
        "amd": 9.279114101644825e-05,
        "rvo": 7.463185232150513e-05
      },
      "raw_probs": {
        "dr": {
          "yes": 4.439281110535376e-05,
          "no": 0.999945878982544
        },
        "amd": {
          "yes": 9.278849029215053e-05,
          "no": 0.9998786449432373
        },
        "rvo": {
          "yes": 7.463070505764335e-05,
          "no": 0.9999099969863892
        }
      }
    },
    {
      "person_id": "P1002",
      "eye": "right",
      "ground_truth": {
        "dr": false,
        "amd": true,
        "rvo": false
      },
      "probabilities": {
        "dr": 4.895255266495325e-05,
        "amd": 9.955216284996631e-05,
        "rvo": 7.699030311361292e-05
      },
      "raw_probs": {
        "dr": {
          "yes": 4.895192614640109e-05,
          "no": 0.9999382495880127
        },
        "amd": {
          "yes": 9.954811685020104e-05,
          "no": 0.9998598098754883
        },
        "rvo": {
          "yes": 7.698891567997634e-05,
          "no": 0.999904990196228
        }
      }
    },
    {
      "person_id": "P1036",
      "eye": "left",
      "ground_truth": {
        "dr": false,
        "amd": false,
        "rvo": false
      },
      "probabilities": {
        "dr": 5.86618762084165e-05,
        "amd": 6.319984429400491e-05,
        "rvo": 9.217205799602604e-05
      },
      "raw_probs": {
        "dr": {
          "yes": 5.8660429203882813e-05,
          "no": 0.999916672706604
        },
        "amd": {
          "yes": 6.319610838545486e-05,
          "no": 0.9998776912689209
        },
        "rvo": {
          "yes": 9.216993930749595e-05,
          "no": 0.999884843826294
        }
      }
    },
    {
      "person_id": "P1036",
      "eye": "right",
      "ground_truth": {
        "dr": false,
        "amd": false,
        "rvo": false
      },
      "probabilities": {
        "dr": 0.00019679679156802923,
        "amd": 0.00016608945094653116,
        "rvo": 0.00018485558486280079
      },
      "raw_probs": {
        "dr": {
          "yes": 0.00019677779346238822,
          "no": 0.9997066855430603
        },
        "amd": {
          "yes": 0.00016606292047072202,
          "no": 0.9996742010116577
        },
        "rvo": {
          "yes": 0.00018484452448319644,
          "no": 0.999755322933197
        }
      }
    },
    {
      "person_id": "P1048",
      "eye": "left",
      "ground_truth": {
        "dr": false,
        "amd": false,
        "rvo": false
      },
      "probabilities": {
        "dr": 6.0109638791635314e-05,
        "amd": 0.0001009823158806187,
        "rvo": 8.801683426459188e-05
      },
      "raw_probs": {
        "dr": {
          "yes": 6.010873039485887e-05,
          "no": 0.9999247789382935
        },
        "amd": {
          "yes": 0.0001009786210488528,
          "no": 0.9998624324798584
        },
        "rvo": {
          "yes": 8.801512740319595e-05,
          "no": 0.9998925924301147
        }
      }
    },
    {
      "person_id": "P1048",
      "eye": "right",
      "ground_truth": {
        "dr": false,
        "amd": false,
        "rvo": false
      },
      "probabilities": {
        "dr": 0.0001316595199280081,
        "amd": 0.00016249404614576893,
        "rvo": 0.00017895680515304333
      },
      "raw_probs": {
        "dr": {
          "yes": 0.00013165388372726738,
          "no": 0.9998255372047424
        },
        "amd": {
          "yes": 0.00016247718303930014,
          "no": 0.9997337460517883
        },
        "rvo": {
          "yes": 0.00017894766642712057,
          "no": 0.9997699856758118
        }
      }
    },
    {
      "person_id": "P1007",
      "eye": "left",
      "ground_truth": {
        "dr": false,
        "amd": false,
        "rvo": false
      },
      "probabilities": {
        "dr": 5.121450885590576e-05,
        "amd": 0.00010395487691346646,
        "rvo": 8.064300705702416e-05
      },
      "raw_probs": {
        "dr": {
          "yes": 5.121379217598587e-05,
          "no": 0.9999347925186157
        },
        "amd": {
          "yes": 0.00010395063873147592,
          "no": 0.9998552799224854
        },
        "rvo": {
          "yes": 8.064151188591495e-05,
          "no": 0.9999008178710938
        }
      }
    },
    {
      "person_id": "P1007",
      "eye": "right",
      "ground_truth": {
        "dr": false,
        "amd": false,
        "rvo": false
      },
      "probabilities": {
        "dr": 4.122077415457808e-05,
        "amd": 7.666882781196219e-05,
        "rvo": 6.932858658755412e-05
      },
      "raw_probs": {
        "dr": {
          "yes": 4.122025711694732e-05,
          "no": 0.9999462366104126
        },
        "amd": {
          "yes": 7.666605961276218e-05,
          "no": 0.999887228012085
        },
        "rvo": {
          "yes": 6.93274341756478e-05,
          "no": 0.9999140501022339
        }
      }
    },
    {
      "person_id": "P1045",
      "eye": "left",
      "ground_truth": {
        "dr": false,
        "amd": false,
        "rvo": false
      },
      "probabilities": {
        "dr": 5.902267764920746e-05,
        "amd": 9.896909849130799e-05,
        "rvo": 9.370612566351662e-05
      },
      "raw_probs": {
        "dr": {
          "yes": 5.902164411963895e-05,
          "no": 0.9999234676361084
        },
        "amd": {
          "yes": 9.896438132273033e-05,
          "no": 0.9998533725738525
        },
        "rvo": {
          "yes": 9.370393672725186e-05,
          "no": 0.9998829364776611
        }
      }
    },
    {
      "person_id": "P1045",
      "eye": "right",
      "ground_truth": {
        "dr": false,
        "amd": false,
        "rvo": false
      },
      "probabilities": {
        "dr": 6.741573652943178e-05,
        "amd": 0.00011590055740610672,
        "rvo": 9.980442575542273e-05
      },
      "raw_probs": {
        "dr": {
          "yes": 6.74145994707942e-05,
          "no": 0.9999157190322876
        },
        "amd": {
          "yes": 0.00011589546193135902,
          "no": 0.9998401403427124
        },
        "rvo": {
          "yes": 9.980234608519822e-05,
          "no": 0.9998793601989746
        }
      }
    },
    {
      "person_id": "P1054",
      "eye": "left",
      "ground_truth": {
        "dr": false,
        "amd": false,
        "rvo": false
      },
      "probabilities": {
        "dr": 9.235647335373684e-05,
        "amd": 0.00014591308737192107,